Enzyme,Chromosome,Position,Forward Primer,Reverse Primer,Cut Strain,Cut Band Sizes,Uncut Strain,Uncut Band Size(s)
AgeI,V,7765660,CCCGCAGCCGTTTATCCA,GCACGCTCCACCTTCCTT,CB4856,"[416, 593]",N2,[1009]
AgeI,V,7765660,CCCGCAGCCGTTTATCCA,ACTTCACGGAGGCGCTTC,CB4856,"[416, 619]",N2,[1035]
AgeI,V,7765660,CGTTCTGTCTCTCCCCGC,GCACGCTCCACCTTCCTT,CB4856,"[429, 593]",N2,[1022]
AgeI,V,7765660,TCCCCGCAGCCGTTTATC,GCACGCTCCACCTTCCTT,CB4856,"[418, 593]",N2,[1011]
AgeI,V,7765660,CTCCCCGCAGCCGTTTAT,GCACGCTCCACCTTCCTT,CB4856,"[419, 593]",N2,[1012]
NdeI,V,8439489,TGCAGCTACCTTCGGCAA,CCTTTCCCGCAGAGCCAA,N2,"[66, 301, 531]",CB4856,"[66, 832]"
NdeI,V,8439489,TTGCAGCTACCTTCGGCA,CCTTTCCCGCAGAGCCAA,N2,"[67, 301, 531]",CB4856,"[67, 832]"
NdeI,V,8439489,TGCAGCTACCTTCGGCAA,AACCTTTCCCGCAGAGCC,N2,"[66, 301, 533]",CB4856,"[66, 834]"
NdeI,V,8439489,TTGCAGCTACCTTCGGCA,AACCTTTCCCGCAGAGCC,N2,"[67, 301, 533]",CB4856,"[67, 834]"
NdeI,V,8439489,TGCAGCTACCTTCGGCAA,CCGCAGAGCCAAATCCGA,N2,"[66, 301, 525]",CB4856,"[66, 826]"
NsiI,V,8732800,TGGCAACGCATTGGTTGA,CGAAAGCGGTCGTCCTCC,CB4856,"[295, 662]",N2,[957]
NsiI,V,8732800,TGGCAACGCATTGGTTGAAG,CGAAAGCGGTCGTCCTCC,CB4856,"[295, 662]",N2,[957]
NsiI,V,8732800,GGCAACGCATTGGTTGAAGT,CGAAAGCGGTCGTCCTCC,CB4856,"[294, 662]",N2,[956]
NsiI,V,8732800,GACATTGGCAACGCATTGGT,CGAAAGCGGTCGTCCTCC,CB4856,"[300, 662]",N2,[962]
NsiI,V,8732800,TGACATTGGCAACGCATTGG,CGAAAGCGGTCGTCCTCC,CB4856,"[301, 662]",N2,[963]
NcoI,V,9474386,AAGGTGTCACCGTCTGCG,GAACAGCAGGGGACGAAGA,N2,"[204, 419]",CB4856,[623]
NcoI,V,9474386,AAGGTGTCACCGTCTGCG,AGAACAGCAGGGGACGAAG,N2,"[205, 419]",CB4856,[624]
NcoI,V,9474386,AAGGTGTCACCGTCTGCG,TGACGTACCACAGCGGAT,N2,"[419, 428]",CB4856,[847]
NcoI,V,9474386,AAGGTGTCACCGTCTGCG,ATGACGTACCACAGCGGA,N2,"[419, 429]",CB4856,[848]
NcoI,V,9474386,AAGTGGTGTATGCCGCCC,TGACGTACCACAGCGGAT,N2,"[262, 428]",CB4856,[690]
BglII,V,9798856,CCCTGCCCAGAACGTGTC,ACGGCCCCCATAAGAAAGC,N2,"[354, 690]",CB4856,[1044]
BglII,V,9798856,CCCTGCCCAGAACGTGTC,CGGCCCCCATAAGAAAGCT,N2,"[353, 690]",CB4856,[1043]
BglII,V,9798856,ATCCCTGCCCAGAACGTG,ACGGCCCCCATAAGAAAGC,N2,"[354, 692]",CB4856,[1046]
BglII,V,9798856,CATCCCTGCCCAGAACGT,ACGGCCCCCATAAGAAAGC,N2,"[354, 693]",CB4856,[1047]
BglII,V,9798856,GCCCAGAACGTGTCTCCA,ACGGCCCCCATAAGAAAGC,N2,"[354, 686]",CB4856,[1040]
AclI,V,10159101,TCAGACGCCTCAGATCTCCA,TCGCGGTCATCAAGTAGGC,N2,"[140, 223, 323]",CB4856,"[323, 363]"
AclI,V,10159101,CCCACCTACATTTTCCCGCT,TCGCGGTCATCAAGTAGGC,N2,"[223, 323, 620]",CB4856,"[323, 843]"
AclI,V,10159101,AGCCCACCTACATTTTCCCG,TCGCGGTCATCAAGTAGGC,N2,"[223, 323, 622]",CB4856,"[323, 845]"
AclI,V,10159101,TCCCCGTTGGAATCTTCAGC,TCGCGGTCATCAAGTAGGC,N2,"[223, 236, 323]",CB4856,"[323, 459]"
AclI,V,10159101,TCAGACGCCTCAGATCTCCA,GCGGTCATCAAGTAGGCCA,N2,"[140, 223, 321]",CB4856,"[321, 363]"
SfoI,V,10253681,GGTAGCAGCTTCACGGCA,ACCTCGTGGAAGCGTACC,CB4856,"[216, 309]",N2,[525]
SfoI,V,10253681,CCAGCTTCAAGGGCGTCA,TGGCCAAAGCGAAGATCGT,CB4856,"[185, 506]",N2,[691]
SfoI,V,10253681,GGTAGCAGCTTCACGGCA,TGGCCAAAGCGAAGATCGT,CB4856,"[309, 506]",N2,[815]
SfoI,V,10253681,GGTAGCAGCTTCACGGCA,CTCAACCTCGTGGAAGCGT,CB4856,"[221, 309]",N2,[530]
SfoI,V,10253681,CCAGCTTCAAGGGCGTCA,CGTTCTCATGGCCAAAGCG,CB4856,"[185, 514]",N2,[699]
